"id","price"
1,333831.532781589
2,823776.711625338
3,281612.391331521
4,537555.261599322
5,524807.408417196
6,468503.245671135
7,611282.139072264
8,290945.569472225
9,239742.305726437
10,607833.920164402
11,318532.41672635
12,282334.116140271
13,212673.439414157
14,283357.350669719
15,534977.177987905
16,660123.616163545
17,757076.032974577
18,458223.275444544
19,660815.715972613
20,343795.20589401
21,838543.071665935
22,205500.226361869
23,298431.66525751
24,434391.404535791
25,768750.417659368
26,301484.035430078
27,1091934.37540125
28,506591.533950466
29,206600.35020131
30,311221.041065945
31,228044.241700988
32,951647.204962292
33,617867.258288041
34,161054.537130117
35,230927.284669118
36,480748.055359119
37,185080.382351383
38,1123056.2269439
39,1287806.4462875
40,244314.255790926
41,688099.26046635
42,749916.179219583
43,235509.919020719
44,328921.842205245
45,172389.006654049
46,1176798.41476307
47,839734.602902171
48,546848.409811692
49,416723.720038136
50,679526.418634664
51,356827.300279615
52,367681.497809154
53,1276790.22317337
54,1295197.51311813
55,539413.798901814
56,501112.209560504
57,171053.024367743
58,307108.878648916
59,914496.17811849
60,504518.165646037
61,1020938.60745745
62,656803.181314423
63,360618.146732362
64,522929.021764597
65,472443.001097447
66,219633.939646642
67,118989.690115546
68,940535.65159173
69,647703.90665452
70,497783.513730123
71,785567.292219451
72,909728.354156602
73,355361.224363361
74,493561.234957742
75,407546.040820038
76,892954.892133255
77,410783.440956605
78,670229.467601847
79,327780.470101305
80,1181575.54239223
81,613349.732226998
82,502193.086321784
83,255543.17883537
84,611571.618545567
85,490259.697106003
86,634742.620818633
87,508813.841579854
88,463015.764706194
89,1107210.40887618
90,1177753.24047343
91,759988.89835576
92,291573.44963114
93,128960.210050175
94,324729.009136034
95,246662.213643093
96,427524.667962794
97,281114.937217535
98,397956.354431156
99,276050.092297761
100,294962.072442297
101,1057916.96589506
102,456423.608274003
103,344517.079287163
104,750697.523856633
105,515700.672907383
106,964546.100473634
107,190695.855238184
108,310397.725986722
109,1327420.82729743
110,253224.66024926
111,1567021.49434141
112,207712.727829088
113,279322.059614056
114,346783.498307282
115,1941330.30557919
116,372289.577138276
117,1395287.13482585
118,142080.22386387
119,416981.915812421
120,678510.69949854
121,256766.356692046
122,251025.889225603
123,255914.201654461
124,770125.552084989
125,265016.401101545
126,398285.499128045
127,795933.560341521
128,1081814.23754082
129,454540.61159858
130,581426.197949923
131,514028.90220084
132,591685.330593798
133,373969.020374433
134,303887.809898676
135,659006.277099399
136,481012.451955916
137,1026002.61189536
138,263101.642326569
139,472848.138314096
140,299317.096823156
141,539142.283856559
142,899375.079198619
143,476846.663578217
144,365417.771219678
145,744626.973141223
146,708260.782565408
147,211281.956336079
148,341688.136227769
149,562993.434204836
150,258168.246691538
151,248144.921868935
152,325245.256917298
153,278520.16263554
154,1061554.4736497
155,529436.099537799
156,405180.116891082
157,557333.324697751
158,473117.880424927
159,604334.296909114
160,852776.077082701
161,1212805.43138434
162,830820.978591885
163,380439.983671572
164,1062442.92760553
165,447192.469026338
166,544202.065972275
167,307580.180725073
168,494861.060583627
169,231584.133302194
170,197195.172229751
171,442437.5105905
172,688508.842550228
173,317578.531959698
174,330509.4008771
175,350499.770914778
176,291662.312363147
177,426447.880124615
178,291224.114089662
179,424065.028308124
180,182524.338066318
181,595964.807358881
182,250668.295436099
183,892715.28972725
184,761958.488524556
185,823085.841124489
186,1127389.34357646
187,304465.764002536
188,499373.478236895
189,237065.45165264
190,474666.13372983
191,183876.557383599
192,557490.52794256
193,259841.87458708
194,294911.201806094
195,255867.247705637
196,407163.283177337
197,203493.036219854
198,244971.547563363
199,420149.329359572
200,193833.081261139
201,389240.084831395
202,222672.034372368
203,169206.552659412
204,254093.803635161
205,583925.059435
206,301847.032216798
207,331926.002483971
208,214584.6779082
209,542450.185946956
210,250850.349504194
211,150103.08272391
212,574318.593771053
213,522358.986512047
214,600909.680979266
215,841022.236560732
216,305879.318914761
217,741512.624988636
218,264085.059260442
219,311662.188559729
220,380825.116705241
221,259390.347758511
222,586370.370675839
223,250041.924225324
224,163716.487021208
225,343070.982489074
226,138897.97593253
227,930785.287631277
228,580688.334119239
229,489577.28339874
230,740744.117391316
231,336982.933398313
232,330823.245495996
233,381708.015500604
234,477708.093943223
235,166123.983760374
236,466272.102986994
237,504939.401913802
238,483483.377717954
239,434689.465054546
240,902784.505092761
241,358463.7929215
242,445223.681465636
243,568113.392135885
244,382478.702558123
245,778155.870962057
246,623654.437336432
247,317963.019363007
248,246303.406312583
249,438504.52581763
250,865014.229182899
251,583125.833665329
252,439214.14485148
253,418290.069795833
254,338729.100231943
255,228794.73468037
256,380720.481035744
257,228372.201620785
258,533030.108321979
259,453066.793398965
260,377324.974809136
261,1016966.54893834
262,582752.490758517
263,305836.381724725
264,565508.767769035
265,662406.174989684
266,485400.111186574
267,537039.161074544
268,607640.602913461
269,413145.156605288
270,488298.64605869
271,763558.35304496
272,360219.445620547
273,157452.229427068
274,948916.300650699
275,666402.92975487
276,494653.612173373
277,441557.415275617
278,256404.552629771
279,624395.013221249
280,347909.10139256
281,929093.081074158
282,289540.892363952
283,709609.386630648
284,298138.778602201
285,631090.721558262
286,608258.703062366
287,565732.779477519
288,1292609.23219307
289,277884.969813786
290,625080.494058972
291,279285.987745799
292,339820.649738284
293,459448.923956252
294,1032423.20884219
295,676405.128235258
296,350618.687767841
297,756276.86940836
298,185007.056155795
299,620831.165442965
300,980230.133676537
301,306433.549075784
302,378035.943846542
303,779339.539546675
304,785008.782550499
305,471179.90520095
306,1192105.91147946
307,453175.97842541
308,362038.920798092
309,465738.157823134
310,557717.645355927
311,444243.411060632
312,726837.421500107
313,158265.806831226
314,568404.892092759
315,861788.915316539
316,1354757.11978751
317,492932.389128735
318,262291.47223326
319,1093712.92291528
320,461387.913659384
321,718210.057863013
322,512996.642018177
323,296965.473774304
324,272722.323543794
325,572952.767220177
326,312533.755444423
327,546139.830346076
328,497014.246061716
329,293080.889894996
330,1003066.55193438
331,449249.761656024
332,498464.23887935
333,1104609.98697636
334,375335.62911304
335,416655.292720805
336,236474.69044146
337,763910.838819227
338,594385.685017771
339,366443.384782679
340,591173.27761209
341,229015.69970381
342,370624.835315324
343,304985.269957855
344,266638.246510286
345,295504.302016631
346,312699.128184846
347,228947.888922351
348,340669.511727392
349,476464.224273847
350,470266.481637667
351,320355.385960027
352,399755.72118819
353,336063.706485397
354,557099.93250658
355,363138.18888006
356,498050.164075109
357,443849.306914258
358,311934.393391548
359,311957.892098951
360,331748.164938847
361,506678.645069909
362,992575.356402533
363,1390360.10073429
364,386555.39360614
365,137977.168822422
366,758069.118530434
367,355784.705266659
368,362908.628386974
369,669206.815555692
370,524555.273486494
371,301449.458376361
372,415373.26303424
373,534093.148912576
374,648031.843394633
375,447086.998793546
376,1394569.149059
377,169755.105792502
378,635209.339409424
379,529305.600457174
380,490938.25238147
381,590111.899674989
382,795069.716950499
383,317807.718182836
384,334416.594742183
385,474548.046060927
386,531336.501820043
387,655192.50819063
388,920225.311492801
389,294683.613462976
390,805357.752675559
391,1205599.28988471
392,646550.379584875
393,736364.113408658
394,1024196.82630996
395,576899.020640759
396,359656.609084767
397,171279.073994096
398,456901.246888468
399,837803.333390133
400,424951.8633902
401,893269.533092919
402,151899.43729338
403,604238.253464676
404,145710.098362119
405,228745.357850577
406,847351.671488121
407,176385.534535693
408,849049.777838593
409,604356.670775579
410,351229.672615456
411,354985.85594324
412,635501.841479094
413,328769.8333772
414,169495.537791551
415,1084250.70576702
416,403214.193784466
417,320019.010115659
418,248057.664309382
419,310074.247394711
420,137880.905261717
421,470580.309551286
422,968199.136031088
423,265946.147027953
424,943157.037014773
425,728683.411611006
426,481386.766746765
427,998657.224292701
428,1231331.882528
429,1011602.94761237
430,649088.823612651
431,852156.66636346
432,355520.179778911
433,668137.773363056
434,593785.918972455
435,256153.823013292
436,688428.24806671
437,420745.665956311
438,969881.053668143
439,519250.439060797
440,195368.32679111
441,550333.878535173
442,261612.751953136
443,761669.740934085
444,1206550.23698564
445,231742.942938904
446,358627.175709467
447,283620.68895913
448,403278.505770122
449,284828.349468195
450,672190.012053863
451,851918.561935387
452,260825.908959145
453,477279.887103312
454,473813.961926925
455,549661.814012908
456,496870.945851365
457,195808.335627717
458,650710.705289484
459,838550.113282599
460,211669.686039973
461,1096862.27594519
462,297192.734430316
463,1150599.27285252
464,652355.618024016
465,488811.185558798
466,571227.285286897
467,383785.657835795
468,323127.354101219
469,188709.646054176
470,787638.218632175
471,759782.712273565
472,265303.206425176
473,260254.996446998
474,905977.060532256
475,409814.38351693
476,462981.123317629
477,381781.51460976
478,459713.330037569
479,302615.198840489
480,436750.241710301
481,299372.077519373
482,283641.312641926
483,635771.904766548
484,740415.039370017
485,418188.074590212
486,615626.702955539
487,527671.428854636
488,1158852.22157266
489,264279.127024377
490,312508.107251106
491,385002.71450254
492,492093.971110764
493,107374.772937207
494,340572.90393475
495,1331093.56803522
496,302644.350977576
497,304446.710359184
498,1266934.84920033
499,760072.651610477
500,393664.80014199
501,196072.667781004
502,273585.02993783
503,318836.317577236
504,463338.193756553
505,333611.063459254
506,215329.55620384
507,142316.489669026
508,527399.98115583
509,916839.55381112
510,635574.540632111
511,420092.786102851
512,208198.60806699
513,613527.937590204
514,738277.600706167
515,1032485.86134595
516,1242238.12111793
517,1266463.80730958
518,307707.865777576
519,153913.830255145
520,390920.964675721
521,573481.437696577
522,377682.160698463
523,570291.455297897
524,585129.462780638
525,466434.766908101
526,253903.579766276
527,524287.767527116
528,322427.198701656
529,1025349.79047234
530,564954.552602773
531,429527.497746633
532,1099930.75657197
533,840290.168376898
534,796012.569473178
535,653697.520889332
536,462701.895754588
537,927837.931988179
538,603078.669719082
539,344532.106965217
540,453017.346516239
541,579600.977277455
542,312630.952018313
543,440244.602407729
544,706038.626097955
545,962706.454718686
546,328095.55817326
547,423530.39775633
548,235320.909397155
549,825340.126741025
550,556619.733299972
551,199452.825901544
552,601110.584386155
553,716484.32041614
554,796082.98155011
555,587168.565247599
556,289517.625784757
557,246441.924641569
558,565310.785850536
559,177859.95560679
560,774424.780110919
561,563892.211439207
562,437755.285342897
563,313232.489050116
564,895522.113054891
565,178731.106615553
566,428040.34353211
567,660260.128456324
568,511102.026137578
569,1103361.50442785
570,352493.24928888
571,399836.176435235
572,611218.303729206
573,270512.484983726
574,481807.727249422
575,285772.91322079
576,195807.406077039
577,563186.87654734
578,329221.808243949
579,926536.54021103
580,313595.390687372
581,683072.688515342
582,325803.055616024
583,609130.117835886
584,540582.38019139
585,554911.542359814
586,458797.764469545
587,292350.928355741
588,950493.979338148
589,304244.181989869
590,260405.443401283
591,93055.1176483096
592,167216.230512678
593,505211.509330095
594,451753.152649097
595,356956.996289566
596,1119004.26575988
597,433774.052498052
598,614159.830795453
599,537923.59862079
600,849762.373513537
601,701038.390097634
602,673989.196667824
603,571988.082980819
604,289522.577899782
605,417804.340831238
606,728697.483632396
607,136240.196194333
608,463798.4358504
609,325076.477485095
610,488334.387630528
611,1455390.79767538
612,562593.398778423
613,599743.263737922
614,269126.175438652
615,380574.851983381
616,233071.140961706
617,1024494.46663416
618,202443.810551328
619,415169.249831858
620,540226.71246892
621,844971.845550533
622,283438.110420217
623,495598.812181073
624,261236.391266954
625,426020.010750043
626,689930.001304752
627,378727.434362486
628,718030.175988543
629,521000.220350899
630,491846.322053448
631,493396.622905947
632,253726.102965112
633,503349.343311323
634,162222.241739484
635,520672.391762759
636,566117.046505965
637,511722.362997476
638,467698.908107646
639,190458.899485629
640,457537.857177729
641,236128.453260256
642,503144.589433765
643,458738.097125378
644,407008.455961857
645,361155.932995496
646,1027759.39982499
647,403075.748045554
648,472904.840407005
649,640017.288932017
650,777466.310932619
651,242210.52077942
652,1017549.46620833
653,610687.320037562
654,168399.73285842
655,911872.780615093
656,246254.753290576
657,188468.663276316
658,440533.616804346
659,365132.382793199
660,409562.833463945
661,379272.923796483
662,448998.101613396
663,680590.050954554
664,295425.849557524
665,180092.552581651
666,97824.6259677875
667,371557.911653084
668,654976.091294962
669,498094.593005883
670,504204.27962948
671,543513.841921832
672,489741.765311158
673,1243540.08519614
674,464758.159060889
675,423794.126327669
676,759960.826632359
677,1157583.24693333
678,139749.102528622
679,440267.055540871
680,470859.012229155
681,264522.295897874
682,171189.125579552
683,1029158.63827979
684,521105.907726292
685,394371.554343604
686,747692.409974388
687,437622.672382628
688,316667.760314714
689,650546.446850615
690,378486.163522304
691,426790.787666421
692,1151672.65173914
693,648594.433761516
694,745404.803092095
695,654119.150549933
696,825817.797129884
697,468671.595368636
698,517307.642992729
699,340582.506626149
700,1402289.00620371
701,631705.647925111
702,1400328.88521731
703,495478.098635682
704,291381.877651477
705,482324.2423061
706,506498.23534092
707,615398.96339363
708,866476.2504546
709,180091.200398953
710,509827.173270125
711,759498.765225759
712,810292.863836998
713,655704.782423854
714,413387.456895899
715,526523.985937752
716,601672.937479337
717,233366.457617116
718,366488.586718408
719,327358.578177064
720,491209.543786163
721,949070.644113901
722,765287.258243816
723,680018.933858386
724,493872.858460411
725,837765.464373323
726,359110.787552046
727,428667.731898425
728,165758.282603775
729,1188337.12419664
730,475397.353146535
731,525624.028527468
732,489172.944120508
733,764372.676472676
734,1273920.54042786
735,658535.75423147
736,519395.451316197
737,737524.096140033
738,279550.58050729
739,558467.036236413
740,328335.623923979
741,756529.545241567
742,905680.189234385
743,508893.992666783
744,523316.386219415
745,412058.400993279
746,572514.896027335
747,237154.584159998
748,138266.120319044
749,534210.296204995
750,512801.585227008
751,393672.222731725
752,1555773.80555505
753,944024.554560941
754,376281.346436359
755,840162.23426455
756,271635.915001443
757,580503.674628775
758,701804.571500955
759,447040.834366448
760,437448.669352171
761,480983.597942911
762,222566.807347034
763,430086.843571258
764,121187.30289558
765,320681.967074579
766,331684.025432362
767,292366.263399671
768,680957.723547233
769,315320.956663389
770,1073123.32336095
771,605128.066847344
772,1103561.80652439
773,1041148.41506163
774,373553.594982205
775,242486.394616862
776,474964.972783447
777,656977.437402183
778,937142.894772955
779,569948.304660751
780,296255.148750114
781,459512.672925793
782,513882.092251574
783,390060.510714406
784,205605.469185956
785,167216.536821822
786,378544.877687584
787,462399.768159447
788,499257.471048279
789,287966.05155992
790,734314.150430029
791,404550.58999161
792,762696.365936599
793,1117632.80382846
794,501945.349203152
795,682144.873891074
796,573491.450762426
797,393023.323407216
798,482574.472777271
799,182914.258323713
800,850472.363066149
801,239069.161706714
802,844993.061315623
803,497116.588399642
804,610580.813189063
805,776196.653813392
806,686190.399646359
807,900898.055709574
808,660920.737400651
809,512353.173291474
810,380026.749692086
811,674502.284177041
812,446884.784409397
813,785975.408198895
814,479430.346444032
815,249419.585595912
816,377217.895827223
817,369204.944705894
818,271620.573604986
819,252683.453685406
820,927266.708325377
821,336892.298103997
822,734786.011034891
823,979296.113363646
824,584303.856415403
825,698959.900136841
826,420481.867489092
827,434049.153158649
828,509330.830628165
829,641796.386136486
830,311586.350719421
831,634870.148336597
832,155890.771108516
833,294019.568671424
834,251234.295597577
835,755300.447391228
836,474791.204425286
837,451676.339100645
838,763176.11152084
839,487936.582071342
840,630884.108022628
841,490190.777075754
842,1121321.15237485
843,1703040.91994516
844,245942.942642146
845,688356.070227408
846,781618.737156431
847,654557.910289453
848,358914.5920829
849,1564134.483978
850,286247.617838218
851,85329.4066238018
852,407346.793495703
853,295951.084739932
854,335456.422217974
855,532361.719419219
856,401644.847515948
857,299928.728829762
858,469815.902723441
859,249486.468840719
860,806461.023367375
861,542097.273892394
862,200297.113877991
863,523495.29968146
864,410238.993637788
865,331427.443278022
866,943474.284986045
867,469106.771226528
868,345182.518457677
869,753893.362471246
870,495022.462452906
871,569435.566533228
872,353544.025028923
873,261106.565420919
874,391920.87765974
875,428629.567059346
876,781139.067102116
877,407628.965437929
878,780120.287347264
879,689564.55039704
880,1302817.1060724
881,1062001.89107794
882,382062.209784724
883,367373.275605818
884,793285.739064531
885,405621.65764214
886,272482.501682448
887,277134.960957921
888,577040.021536389
889,530237.320627546
890,355935.017800959
891,416283.134902514
892,309041.055531414
893,286702.655317013
894,423173.66400619
895,642526.48805568
896,675950.993408244
897,429394.634308981
898,349209.702842859
899,268988.231318281
900,418001.569112394
901,359519.601985713
902,616777.568436242
903,202319.532513277
904,249870.007538101
905,597678.10177442
906,210084.828118955
907,459221.360849437
908,388019.365833195
909,783200.507655821
910,339144.164582231
911,365009.681127897
912,593240.751799574
913,332305.227110118
914,354333.490859687
915,147376.406809191
916,349618.750455339
917,662421.652873089
918,484460.039858474
919,925576.275534096
920,693208.441284208
921,383689.433140077
922,416894.651835689
923,658596.635192604
924,1410233.84870487
925,566942.361529474
926,256876.956613734
927,531987.289640304
928,655266.105010063
929,309179.144271148
930,320651.089978045
931,1268993.31818753
932,182259.903720775
933,852940.098237346
934,376106.868674989
935,416692.111732024
936,652155.606162919
937,209544.830920551
938,332949.938559065
939,239941.948769517
940,387803.356909222
941,652631.868256378
942,458054.019373696
943,642612.044967271
944,311916.066021246
945,280845.386143188
946,932336.961441697
947,139279.464928029
948,206990.907462945
949,312807.119541354
950,479105.616284969
951,674937.591793022
952,481503.480525138
953,237364.619748097
954,430059.186833513
955,818623.482010053
956,157648.959863344
957,614907.510275415
958,296325.61044868
959,508675.343745977
960,825780.312599225
961,822316.735832031
962,857522.548660712
963,313450.50950343
964,316783.07531963
965,449301.498207812
966,504299.006043354
967,453501.157401921
968,566846.279575134
969,716195.887704314
970,758758.770381539
971,558484.134872724
972,428852.800260361
973,288431.992864177
974,796472.966216004
975,628971.829341604
976,542646.481791464
977,861093.473525794
978,564142.337184293
979,396358.770743434
980,330577.360608419
981,699574.888833779
982,653599.854038705
983,415523.774917845
984,407407.422347738
985,274906.952426836
986,403191.56982806
987,437350.377696141
988,218977.814068975
989,610360.733874603
990,345688.235399313
991,334791.070635682
992,695159.54628653
993,1440195.59996963
994,297719.940172536
995,494084.693125475
996,473867.005137408
997,675267.111240679
998,752269.965405429
999,525539.027059212
1000,636982.044097392
1001,533605.361186422
1002,604205.078437053
1003,345926.973806055
1004,1105642.24536881
1005,352932.365566277
1006,582883.878490832
1007,796294.709939737
1008,926510.829679038
1009,777096.38903932
1010,635734.668936402
1011,576596.358908446
1012,185353.516768346
1013,908403.819353982
1014,374772.731100053
1015,419370.932542634
1016,753376.352101396
1017,165100.376055666
1018,120969.844962658
1019,225749.338658526
1020,458025.297832764
1021,440691.152785883
1022,660679.086950716
1023,821265.957503993
1024,730864.847978186
1025,335187.226630304
1026,189329.958596105
1027,762408.615090605
1028,142188.405209462
1029,339035.602820575
1030,490087.489818691
1031,614696.457632672
1032,408324.187057607
1033,300650.380744666
1034,699659.134881198
1035,473321.766767123
1036,610329.614892488
1037,698398.067192492
1038,383227.009447054
1039,270651.976983101
1040,404110.023710497
1041,729747.229387891
1042,559098.781997815
1043,161626.36279175
1044,381392.48288924
1045,280310.124407899
1046,685372.770193109
1047,429939.63550121
1048,269380.935659134
1049,218086.827608251
1050,814455.689509608
1051,490316.289498355
1052,354418.431689474
1053,442635.416926312
1054,488230.521110335
1055,343912.086424262
1056,428276.096658353
1057,761591.189707396
1058,494069.037629091
1059,622693.389660752
1060,588106.904663955
1061,631332.358810623
1062,1354726.8761311
1063,550487.193215643
1064,264153.973556373
1065,608265.574437135
1066,289647.626050509
1067,325629.902281579
1068,495076.780721183
1069,640418.381339167
1070,679753.478961987
1071,1027612.03595336
1072,257547.580605541
1073,287281.891611079
1074,205441.686747943
1075,315452.456417473
1076,756229.879599964
1077,225104.030222204
1078,748090.564426831
1079,268234.859278038
1080,230346.743420829
1081,434700.64760769
1082,316662.748852837
1083,295922.584113491
1084,444658.577499548
1085,543761.300505423
1086,257438.9842047
1087,578790.100722504
1088,639232.03953678
1089,211607.601127241
1090,384885.081094337
1091,333025.705540842
1092,283051.034723357
1093,370681.372120813
1094,488154.431420699
1095,693342.624937581
1096,563045.859489512
1097,413016.263637461
1098,180976.150987518
1099,756544.397591381
1100,225597.998147839
1101,523849.123183969
1102,349771.492550474
1103,565999.362920691
1104,482097.473936341
1105,1388966.02694032
1106,1169007.40453839
1107,578911.01929166
1108,331880.609874946
1109,154871.435087668
1110,891160.121464882
1111,416080.445219643
1112,527981.70109615
1113,567092.521154367
1114,763367.673430843
1115,56492.5589902152
1116,564540.669921485
1117,561620.37952994
1118,325025.411549699
1119,652257.395304776
1120,956335.461070427
1121,1516555.74878258
1122,515456.719428127
1123,316376.249661447
1124,724128.875040626
1125,294108.427580269
1126,811637.269142089
1127,230950.909990962
1128,402992.962788673
1129,482353.236303104
1130,643169.550337164
1131,628109.607292446
1132,608751.938862749
1133,324090.562648542
1134,562458.229556076
1135,553053.083850908
1136,207099.436853531
1137,717522.950846744
1138,761968.701955755
1139,447923.90557846
1140,625227.104965614
1141,203727.54786559
1142,573429.216593304
1143,308968.062504824
1144,528494.604138186
1145,503786.692811544
1146,1036077.62549065
1147,410028.22611627
1148,164302.002147572
1149,582253.397297193
1150,639551.998444571
1151,2024672.37366646
1152,450781.007898632
1153,429657.980705498
1154,457957.917466762
1155,266180.340358069
1156,431652.090281979
1157,549160.915334773
1158,214099.097757779
1159,805849.605891379
1160,239905.90900048
1161,426392.461471942
1162,488626.114982205
1163,819831.041633474
1164,326648.636956417
1165,200162.035631511
1166,468126.362354806
1167,272326.183194241
1168,313122.961200485
1169,233516.760624279
1170,386865.174811309
1171,684208.415244393
1172,750255.765673161
1173,301380.057312613
1174,1070179.91827922
1175,555210.36602853
1176,162355.383512295
1177,1503900.24616289
1178,563168.030386975
1179,248618.830816624
1180,276261.31308349
1181,464499.741551088
1182,647634.036994078
1183,326229.68134435
1184,213308.167231138
1185,829887.144667946
1186,666420.164012669
1187,327886.704283122
1188,453669.845989887
1189,629786.104014733
1190,271823.952796562
1191,329095.002547405
1192,714960.753496508
1193,308812.898554648
1194,412551.291517729
1195,808174.406331893
1196,289441.28011601
1197,557547.798542801
1198,668703.649266
1199,245855.931789406
1200,571667.633214471
1201,268457.428206892
1202,763857.261662121
1203,426175.986868761
1204,138758.479013648
1205,394397.872336944
1206,319514.171537399
1207,904931.366184495
1208,156488.068596569
1209,670476.649521012
1210,158109.011516511
1211,973464.236608775
1212,266543.057165766
1213,318298.25635181
1214,223079.867647699
1215,791952.885090596
1216,318802.854150549
1217,273555.67363639
1218,201351.921634935
1219,601774.125023711
1220,1077271.07495798
1221,664867.454357705
1222,553540.94798831
1223,458600.470152174
1224,537020.634985697
1225,335259.753856524
1226,301000.281542422
1227,225516.115930151
1228,427089.467311651
1229,404176.114296974
1230,928622.527594999
1231,395159.418134533
1232,535538.844362541
1233,495513.768514902
1234,349981.810980844
1235,286717.931133143
1236,255663.967150819
1237,943295.920386469
1238,873026.496242051
1239,443252.967590424
1240,1062098.43047296
1241,892279.433773895
1242,191843.936969392
1243,1212223.29928004
1244,288678.475423057
1245,380472.890935034
1246,245185.981733052
1247,242672.98913867
1248,124396.364186048
1249,167826.595489585
1250,327100.444238354
1251,375730.666945728
1252,478313.702180832
1253,467761.136212209
1254,485777.632626906
1255,424312.322860906
1256,288410.509392472
1257,527064.301309559
1258,309760.893198809
1259,937638.970423966
1260,548516.802075324
1261,504750.021808894
1262,464077.789335389
1263,145276.002659329
1264,509644.729158901
1265,609836.891039735
1266,1970882.2225749
1267,2154314.65269903
1268,202053.375426372
1269,184343.765609289
1270,772071.100797859
1271,1240366.83736062
1272,532041.7158639
1273,255282.030602418
1274,1142173.7514359
1275,577022.272440006
1276,573471.938580524
1277,293790.134759795
1278,547002.226790972
1279,260751.041240445
1280,579308.675489532
1281,578258.826422079
1282,452614.126336352
1283,192017.019842879
1284,1044259.31683354
1285,655050.877588396
1286,424282.635062271
1287,487134.018204582
1288,580391.740072985
1289,582452.612335192
1290,435097.485769781
1291,691624.986541918
1292,414199.522487697
1293,352430.873353759
1294,505432.799251235
1295,631764.802685992
1296,371336.91655142
1297,624691.135700374
1298,134366.684469358
1299,486568.614813418
1300,346961.482506212
1301,343300.040920371
1302,596861.801739022
1303,479671.428459477
1304,669878.915112546
1305,572848.662608057
1306,529072.535117293
1307,352216.608972125
1308,574442.873885007
1309,228203.751136852
1310,391232.364440097
1311,807688.389018385
1312,264448.930655471
1313,436972.372931905
1314,708236.610723586
1315,325054.57462799
1316,334189.256190251
1317,469624.192109029
1318,428763.493935984
1319,575316.68021961
1320,969416.598845982
1321,416141.754959079
1322,527295.480561347
1323,374785.847117172
1324,1097900.19824054
1325,709046.682513896
1326,777725.259011455
1327,241036.990761789
1328,579306.227612757
1329,922154.835831152
1330,475099.407294527
1331,1200774.97541172
1332,500715.430949182
1333,495286.826960308
1334,271618.809898161
1335,556091.046382684
1336,338738.109032675
1337,832138.395043956
1338,311213.040651877
1339,523128.073263057
1340,473027.046895937
1341,297260.32869978
1342,575989.262098984
1343,381733.84474783
1344,613162.117157697
1345,1058812.64187831
1346,606061.637914773
1347,511350.662724788
1348,373043.938702079
1349,398971.640019637
1350,491464.057569883
1351,392765.516793226
1352,595564.904239462
1353,593054.487405037
1354,630844.318227663
1355,230629.529069633
1356,796161.033025208
1357,549305.14336579
1358,1652862.54138049
1359,235176.319997842
1360,1183327.62804649
1361,407711.346120518
1362,182200.026984907
1363,704166.605997851
1364,267839.888013931
1365,507630.764744403
1366,1427631.08663396
1367,352115.313808301
1368,561437.794270797
1369,1776084.1518954
1370,331951.844129049
1371,745031.949930353
1372,76269.4112908732
1373,792280.766237788
1374,314820.785805005
1375,167279.575408463
1376,193212.280421617
1377,601400.700186784
1378,282139.54752999
1379,322181.245091442
1380,223985.58228532
1381,612284.172981638
1382,960714.260386317
1383,272991.26922007
1384,412018.96942263
1385,216382.209316951
1386,456905.987877467
1387,404360.295807504
1388,447534.885499171
1389,236919.000788512
1390,418490.008141936
1391,830211.595832298
1392,170566.939352651
1393,597286.895281059
1394,725716.189484913
1395,395769.601359448
1396,710177.557533786
1397,341777.568906762
1398,613435.917887798
1399,274438.447493822
1400,963811.367892856
1401,508365.125076908
1402,565851.970197361
1403,682461.909225499
1404,278746.435534619
1405,465363.313110039
1406,628838.404758373
1407,343412.709378048
1408,560707.086752012
1409,577560.393868367
1410,388553.062603394
1411,430879.080770161
1412,498000.182357974
1413,322254.415046678
1414,517669.491552357
1415,656445.034851697
1416,702799.909618034
1417,393005.76811981
1418,537046.28942219
1419,473674.812880931
1420,218230.143439224
1421,574021.338767349
1422,614869.589288215
1423,317789.410976277
1424,550012.286374527
1425,1247848.20641139
1426,496077.915401968
1427,580606.407897581
1428,1625795.49689854
1429,578149.566147417
1430,686247.345844748
1431,558120.960514426
1432,528555.098231094
1433,489039.030776464
1434,644289.38714635
1435,872504.618010942
1436,630912.825153574
1437,296301.992752982
1438,524905.315251064
1439,247373.141490027
1440,302370.702864506
1441,311257.681394603
1442,477929.42358426
1443,149722.158049525
1444,444578.058856309
1445,793159.764615101
1446,575072.262341935
1447,691780.456957339
1448,413653.681150474
1449,345647.801039291
1450,845395.310283199
1451,341859.870005108
1452,425789.383795187
1453,560696.058356564
1454,252127.127001671
1455,306335.078904067
1456,396083.307871538
1457,590096.997844263
1458,507933.960320261
1459,375465.386238824
1460,459964.578078273
1461,1021588.19768519
1462,98889.99099745
1463,355553.794021782
1464,328279.980678348
1465,496589.505561859
1466,469514.597858823
1467,786744.296101554
1468,453059.23251031
1469,661053.704654448
1470,765389.657700233
1471,389883.767271164
1472,662052.808990802
1473,323973.384589946
1474,194100.467019591
1475,473090.033579461
1476,435370.155689406
1477,325834.826676121
1478,329107.891461641
1479,501158.846813871
1480,219906.844529423
1481,386662.162357857
1482,773483.426394437
1483,560184.093119572
1484,684166.499534395
1485,556754.588578622
1486,197817.220097527
1487,360697.414349391
1488,875154.938697961
1489,908645.634905501
1490,1327087.86940892
1491,277328.587844792
1492,602904.498162816
1493,704277.162176926
1494,494563.419669155
1495,524696.200475907
1496,234377.176613213
1497,449583.045339539
1498,452195.082147375
1499,251904.714448466
1500,1590483.47372084
1501,281224.945455629
1502,500784.646829007
1503,1293420.56517519
1504,343682.611715363
1505,173482.427295154
1506,423252.027133471
1507,745442.011825033
1508,402064.61716913
1509,546320.926369664
1510,568909.543410334
1511,495107.04034377
1512,358874.057807428
1513,361085.138497098
1514,271200.523131381
1515,1164069.16178609
1516,424487.062865032
1517,560015.349765349
1518,559717.535600178
1519,413066.051312949
1520,585193.373280627
1521,741523.31205413
1522,238469.502770235
1523,206488.54506654
1524,711097.02215334
1525,676487.436731635
1526,119939.859744542
1527,339690.885986252
1528,541135.822571908
1529,352178.138855397
1530,262030.692811511
1531,164737.678186349
1532,438656.046453354
1533,1035321.60161137
1534,368130.071276317
1535,297043.690535244
1536,509042.607448875
1537,384661.874559572
1538,423638.494565599
1539,375552.162049469
1540,623512.738053069
1541,746315.761094396
1542,650094.26151745
1543,537457.692395921
1544,127043.32983733
1545,267967.325816074
1546,1561397.12259867
1547,615185.82323314
1548,416411.658138786
1549,388884.329365811
1550,665008.133963595
1551,345251.679551048
1552,265778.730885612
1553,105933.086217931
1554,447163.119311027
1555,191709.722467518
1556,1931995.11992274
1557,754820.611394463
1558,508698.918681918
1559,285648.880410525
1560,432110.326821298
1561,386498.209469882
1562,258241.516652221
1563,405346.004254652
1564,470834.326165759
1565,962621.023278282
1566,1037338.17766778
1567,582986.336273808
1568,407115.797839313
1569,953188.131744
1570,1364486.03424208
1571,610897.764286014
1572,320290.746206677
1573,461896.585669254
1574,420311.66540203
1575,598644.901698781
1576,497706.051351541
1577,523191.519518299
1578,632892.922217996
1579,547034.987550945
1580,316441.993078302
1581,310373.643790888
1582,420688.748895244
1583,200389.228215235
1584,370864.482708919
1585,1064179.58120032
1586,218089.01568451
1587,408312.510734266
1588,1375535.26327575
1589,343142.554168457
1590,285360.676746187
1591,379301.098716343
1592,420798.723355024
1593,245059.220299524
1594,554362.83169746
1595,272008.875697821
1596,239816.922159028
1597,239277.13255462
1598,1100536.83248393
1599,729141.707660128
1600,423965.181052518
1601,214426.447885375
1602,324311.92680273
1603,241378.677910949
1604,265487.877801681
1605,342160.725396188
1606,674704.207373965
1607,696723.773752381
1608,290641.352812211
1609,578826.417137028
1610,277364.026323887
1611,603947.822727457
1612,353093.276156792
1613,217138.243471284
1614,354527.705043195
1615,538216.212431447
1616,135435.141440487
1617,359490.939961685
1618,992864.245686225
1619,673741.968202072
1620,302556.532491012
1621,204912.325466002
1622,917916.210642582
1623,406104.346838304
1624,295419.525732166
1625,435215.077109771
1626,294223.809857671
1627,263375.789575967
1628,328343.335023632
1629,642646.360609165
1630,849433.37110102
1631,1208004.34807152
1632,273136.989008507
1633,791330.933142226
1634,878593.564613258
1635,472777.537321729
1636,210393.158934417
1637,214955.717071217
1638,408813.891867113
1639,582807.563743779
1640,498975.839551458
1641,1113439.9097843
1642,364531.78942666
1643,643479.050001569
1644,674706.83276545
1645,355055.967890759
1646,507727.173802385
1647,182650.073524257
1648,980025.167617867
1649,337250.291098443
1650,263014.182175221
1651,274614.622418565
1652,443070.035674445
1653,183670.223570408
1654,481801.562157359
1655,376516.670280258
1656,521749.687993973
1657,333061.987103116
1658,1297497.97774378
1659,281435.345686997
1660,386790.131839526
1661,269141.089298072
1662,381904.922339697
1663,246598.004662342
1664,485077.516186927
1665,612493.619427406
1666,546380.138898807
1667,532904.225344502
1668,496251.314757659
1669,469187.01138478
1670,984858.670015555
1671,270510.070831779
1672,204103.697646127
1673,650840.375721822
1674,209549.963516454
1675,328126.010810312
1676,131716.955939598
1677,385939.626933958
1678,1134389.5400835
1679,338693.955308992
1680,630212.066451488
1681,419702.338367752
1682,154359.645986665
1683,516327.704595231
1684,211495.721519329
1685,305344.293518313
1686,911742.003357917
1687,183796.461250896
1688,613360.42495878
1689,262029.90208442
1690,217640.542637763
1691,304856.200786151
1692,284862.438618069
1693,578293.248193356
1694,173731.887160922
1695,454196.424023515
1696,350293.698495621
1697,341979.508046956
1698,1126114.48746218
1699,312155.185536865
1700,439543.256824534
1701,519454.120770725
1702,426361.106526125
1703,300513.864267658
1704,495482.439385751
1705,359956.428580675
1706,538727.055966115
1707,662478.533605008
1708,378601.951386475
1709,517325.707931049
1710,215525.609626732
1711,526371.569779878
1712,521373.6395554
1713,480754.020148061
1714,603008.926479469
1715,670267.885215639
1716,222682.015720463
1717,713042.641418439
1718,1146145.43544906
1719,569714.443943138
1720,219727.36606914
1721,623124.978694823
1722,931546.242169786
1723,354402.464065956
1724,249135.858458898
1725,1019986.23042108
1726,606508.320826743
1727,836538.043890916
1728,710254.604733245
1729,747189.611877554
1730,495145.443359771
1731,350704.535348042
1732,377768.742331783
1733,297576.016098094
1734,497557.791020136
1735,585548.79902197
1736,762059.172225488
1737,430280.017136976
1738,801842.704320719
1739,250575.893465343
1740,249139.250461603
1741,259342.288362985
1742,292709.762306636
1743,251712.333440073
1744,160597.047224487
1745,456540.831780947
1746,390772.391716326
1747,1067916.46475533
1748,487465.500487949
1749,330914.221018849
1750,222871.009777275
1751,336374.193214812
1752,940572.266139142
1753,247134.528136461
1754,598333.30568849
1755,372301.515259426
1756,865984.762840942
1757,455970.663387584
1758,384721.61276115
1759,556077.296798361
1760,471527.116859722
1761,869202.417209329
1762,873140.456675269
1763,429742.118709221
1764,322150.798886735
1765,544301.799968571
1766,884481.926929555
1767,566049.714921767
1768,746494.427265988
1769,418503.296616689
1770,393551.568991949
1771,214960.685552273
1772,463056.104738561
1773,353332.721003516
1774,379470.111000776
1775,759438.337589204
1776,234158.213918288
1777,669447.297792076
1778,383325.274360751
1779,215713.101233985
1780,384613.194547964
1781,743419.689710489
1782,366251.526402076
1783,811644.184659511
1784,377941.114577373
1785,932450.536756407
1786,819559.131290728
1787,448414.652011773
1788,1234624.31529146
1789,464813.868078675
1790,551580.189326601
1791,737033.878215852
1792,777581.350347609
1793,442651.184421035
1794,145825.036439809
1795,605262.599584312
1796,1032447.40829198
1797,385457.160296401
1798,352201.336032903
1799,214205.727600621
1800,1005467.18021489
1801,271725.857639952
1802,210720.16113152
1803,679106.792966604
1804,375332.446133463
1805,504585.130787696
1806,994663.934386531
1807,753070.051797558
1808,652041.602011238
1809,239026.048718794
1810,671276.827476047
1811,798324.043150972
1812,272570.288392775
1813,1089516.82691162
1814,1263405.70138031
1815,3407165.44264715
1816,271892.691675527
1817,602404.026298891
1818,665126.958163407
1819,184755.931992814
1820,676117.326124612
1821,503868.589614932
1822,548368.073693258
1823,341244.027537897
1824,302540.89754249
1825,1065375.49187121
1826,414335.513895202
1827,754721.466923213
1828,72268.115312507
1829,457642.20965779
1830,368187.134780883
1831,779618.326166752
1832,198016.967127917
1833,243712.919088076
1834,332198.572382995
1835,355834.066013903
1836,360003.244367863
1837,757264.945846744
1838,510847.55663214
1839,279551.339154332
1840,811525.428845626
1841,201723.425779451
1842,273937.588253538
1843,312237.771841038
1844,379036.352127193
1845,853422.047660495
1846,417225.026755321
1847,636542.958176049
1848,320683.089159614
1849,155582.943579982
1850,308626.952703061
1851,339818.275840664
1852,250545.489440375
1853,400199.906397658
1854,761227.334102044
1855,564189.273742132
1856,520996.087832082
1857,255778.908700751
1858,210875.742941504
1859,258575.787639268
1860,483591.47146826
1861,815732.937250383
1862,805128.787162468
1863,275445.86616256
1864,221363.871356442
1865,369609.215983474
1866,387579.623929827
1867,265224.156615623
1868,429893.569292078
1869,213866.653253083
1870,574133.157669078
1871,643822.13782581
1872,372189.223533175
1873,893817.681838615
1874,219987.780257805
1875,532481.759181603
1876,328770.960596284
1877,227179.597916073
1878,472903.599148643
1879,433239.836532361
1880,503383.813951447
1881,1205221.78560223
1882,725257.25974843
1883,511635.09807744
1884,417409.501095145
1885,449561.33501168
1886,170096.264212376
1887,311670.380893676
1888,922440.093661086
1889,946160.392108097
1890,194934.352835802
1891,335576.394367816
1892,914545.839256867
1893,504395.903402844
1894,295381.128062132
1895,667778.173363737
1896,266248.932989265
1897,769459.965069432
1898,237260.840959936
1899,508202.069715155
1900,716121.444199706
1901,390301.812265702
1902,1297777.25421752
1903,274091.655194634
1904,749329.317925562
1905,432546.288885795
1906,410359.621061891
1907,789484.973251809
1908,357666.691260272
1909,312038.881872896
1910,627744.876024546
1911,764794.768472627
1912,191526.797694054
1913,1392650.35065891
1914,770892.161217878
1915,319554.149842624
1916,128419.78192707
1917,542082.589413562
1918,562662.273716384
1919,444638.775186713
1920,737533.179871082
1921,915940.472641202
1922,637276.867297771
1923,161736.272322944
1924,598121.641764679
1925,771227.39508801
1926,702983.18131968
1927,254852.392346048
1928,285177.868949721
1929,603458.594777898
1930,398117.235058951
1931,596361.369264384
1932,291814.584415382
1933,282385.810553448
1934,721369.66810282
1935,995481.600662673
1936,1068276.76687562
1937,640743.090500254
1938,283126.548322218
1939,481365.018665755
1940,96187.3722306572
1941,482636.598739665
1942,294806.068236978
1943,481219.307668448
1944,540961.028721146
1945,252756.404588427
1946,728152.687396366
1947,302834.076042559
1948,764386.516652665
1949,528711.657756768
1950,673850.35142562
1951,293519.296633195
1952,654303.74215283
1953,652884.814665778
1954,980478.254811631
1955,475875.119737741
1956,505515.439480378
1957,258329.451047861
1958,201374.821313991
1959,1126839.54329169
1960,520946.353150354
1961,218019.38610225
1962,844932.97151308
1963,302093.74369475
1964,172073.260236029
1965,722006.335217479
1966,786859.674089981
1967,814090.709856598
1968,437234.889292766
1969,599473.070365016
1970,439993.48446982
1971,495010.794094352
1972,355563.431633283
1973,383142.953944708
1974,594276.689317488
1975,225834.634375939
1976,278207.052628995
1977,326401.583446292
1978,489988.347969558
1979,595609.386293561
1980,958315.791105948
1981,582771.690760413
1982,607779.088779054
1983,149703.538722733
1984,380741.658602475
1985,325726.964173909
1986,800372.456054341
1987,836982.195366786
1988,539056.288709222
1989,514583.64862651
1990,685471.706683176
1991,285001.181135187
1992,288572.02468162
1993,957592.013320767
1994,452217.264963906
1995,916847.003960951
1996,810007.747120172
1997,1016046.37029558
1998,511743.268085825
1999,269058.209837876
2000,321356.789880806
2001,588603.456383393
2002,247158.458851345
2003,709158.860749988
2004,585073.056595925
2005,545285.192446266
2006,497432.440160644
2007,486220.225144842
2008,651092.575178485
2009,936670.993957569
2010,500489.928409788
2011,198865.128592847
2012,432002.636527647
2013,603659.841438846
2014,516801.925983898
2015,106418.171813774
2016,731318.349550182
2017,425728.211386803
2018,527800.195751983
2019,277315.538903735
2020,348662.195717753
2021,578277.704824925
2022,509550.031652087
2023,329033.918635615
2024,588189.280571387
2025,393292.617443814
2026,294087.256099123
2027,387826.281177622
2028,578303.361134966
2029,229879.491162244
2030,580962.765458713
2031,426634.819273655
2032,353295.163651811
2033,559546.58434028
2034,692913.360951813
2035,394602.346817706
2036,906189.048177834
2037,501848.541279779
2038,478823.307151925
2039,490077.098731444
2040,441806.750180175
2041,524156.485724249
2042,521471.119848184
2043,684808.140257318
2044,1408913.34387716
2045,611078.971473189
2046,223331.192535324
2047,967645.948036478
2048,404470.724317164
2049,250549.428464451
2050,708417.713644895
2051,802379.966160722
2052,689062.654205348
2053,642137.907363517
2054,611875.93442411
2055,650901.443646765
2056,338553.685352815
2057,433478.731512959
2058,1574042.74611405
2059,773555.856193282
2060,661377.956001424
2061,414609.150730098
2062,435736.083998083
2063,238209.723072252
2064,1034292.46014196
2065,285812.170496657
2066,583461.283399504
2067,373440.037539302
2068,1289557.51413134
2069,465451.017602157
2070,1199163.07267872
2071,342635.035546877
2072,501016.168466461
2073,341673.701872252
2074,360611.40029152
2075,133291.670945556
2076,543207.722464803
2077,317924.611940823
2078,358490.493630528
2079,750337.49722084
2080,473683.100040829
2081,252224.491009055
2082,739762.200454076
2083,430078.186267463
2084,564140.622533047
2085,561062.796065146
2086,845511.134615273
2087,728495.075418786
2088,416384.609685168
2089,494089.532400824
2090,221548.882085416
2091,374826.047457644
2092,681783.353339829
2093,398282.637161508
2094,373315.959595279
2095,332503.401231334
2096,400920.997115207
2097,484490.502232485
2098,552190.959713493
2099,553657.389492324
2100,265910.652044069
2101,417085.231348391
2102,458538.385358831
2103,619951.530914265
2104,222604.687470451
2105,79068.2341176246
2106,422252.022072172
2107,128921.990584217
2108,440760.822777991
2109,798512.545948247
2110,247215.908385359
2111,600605.201136546
2112,659559.671340324
2113,435964.692672307
2114,433446.728522859
2115,747520.005935455
2116,1167796.57791431
2117,309038.611591533
2118,350313.008253167
2119,524424.112164647
2120,412771.781330233
2121,995688.169531697
2122,1072923.88009995
2123,977589.198436666
2124,536085.083962733
2125,382842.38884134
2126,434890.587158665
2127,373060.883992837
2128,536803.639803108
2129,450747.237707593
2130,200206.934926062
2131,500941.178603894
2132,634530.274215851
2133,310848.054795936
2134,384559.537550426
2135,343935.809876019
2136,562378.931329383
2137,402993.735422018
2138,432572.113003028
2139,1176001.17890497
2140,56008.3057842932
2141,1331700.35846261
2142,849049.783937488
2143,615420.637153029
2144,506238.689562349
2145,516612.940553052
2146,194588.387459964
2147,380415.851569399
2148,878467.243569197
2149,495017.2992576
2150,844753.673409679
2151,457349.809369741
2152,1148832.46043915
2153,644951.223296797
2154,502896.373320946
2155,1119949.55149348
2156,368018.365706926
2157,551709.002281942
2158,281596.822940818
2159,251880.795285624
2160,872571.585722659
2161,494100.089443504
2162,709198.696040998
2163,468920.297110875
2164,329812.486055142
2165,805484.234105955
2166,754481.582008398
2167,452705.766643379
2168,389208.929631576
2169,274363.638952989
2170,301194.405288421
2171,676339.453243834
2172,564967.620797933
2173,401496.56317794
2174,469717.47247912
2175,627493.31976074
2176,435073.630808157
2177,678637.456399379
2178,160149.42502218
2179,155790.07457955
2180,267590.425793389
2181,1031255.9095677
2182,693478.608966007
2183,566292.192016154
2184,543388.748392732
2185,220266.463263328
2186,224065.4778226
2187,843409.271457118
2188,499236.980422535
2189,564022.405107424
2190,214619.055556392
2191,382484.523346378
2192,498621.664748612
2193,1136801.46003428
2194,186473.794560891
2195,1151523.11245372
2196,463744.237482009
2197,1158092.17660052
2198,624832.082958996
2199,887370.725233137
2200,327264.855780589
2201,213636.931841107
2202,429253.835697368
2203,165598.682541454
2204,332041.177046582
2205,295873.98919858
2206,260138.188969962
2207,679170.736206235
2208,144033.764709069
2209,466960.699474085
2210,890255.636607854
2211,1566684.49978071
2212,180950.470808516
2213,616907.930968596
2214,716115.213011226
2215,244576.453841209
2216,327560.833302972
2217,645138.784124244
2218,247662.666793791
2219,265346.587807305
2220,527556.279064323
2221,582758.944725931
2222,338776.593245186
2223,526651.162691382
2224,399758.38295614
2225,1138206.50125985
2226,279524.725442368
2227,371485.509707757
2228,581388.738299957
2229,194208.930971998
2230,605504.511511023
2231,433036.53663507
2232,555032.732373525
2233,651941.02076351
2234,884053.020723907
2235,729304.5792754
2236,545056.297007907
2237,274284.719043768
2238,970485.811015529
2239,505051.392801974
2240,382809.195756939
2241,228018.057600135
2242,301458.019432781
2243,750149.672846298
2244,228877.606978434
2245,169827.42258838
2246,245023.936263519
2247,344936.28095612
2248,552787.113930027
2249,786475.428958483
2250,610934.723251267
2251,148738.768679305
2252,690822.678153444
2253,1244073.61167543
2254,257297.620765182
2255,171458.571331896
2256,895609.944027455
2257,775941.165242091
2258,695063.540797484
2259,505949.142958087
2260,300587.309805925
2261,217433.629106533
2262,465787.80403287
2263,533346.452458473
2264,926977.917174407
2265,413928.633330044
2266,558024.95728618
2267,324412.121463907
2268,500415.756892987
2269,441111.88525102
2270,112633.462034793
2271,206578.46228907
2272,209501.727957617
2273,758526.010992022
2274,615063.764599694
2275,839127.305437155
2276,619361.684796067
2277,578622.214024276
2278,692266.518420648
2279,282801.096173274
2280,297681.516052287
2281,408338.720255621
2282,527743.717753826
2283,837233.06917176
2284,251438.315516335
2285,189273.526750097
2286,485157.999097171
2287,248587.444573439
2288,265661.426469531
2289,1703792.69808657
2290,479653.166848403
2291,106414.941655825
2292,418928.138119849
2293,199347.131520543
2294,1009728.73910545
2295,333517.06117215
2296,825182.222652827
2297,236983.722169618
2298,257929.948658472
2299,312168.590172526
2300,335739.852412948
2301,1047416.70081268
2302,567610.174088366
2303,404948.264054373
2304,349223.66153537
2305,331724.112870131
2306,549170.431632113
2307,190546.182576244
2308,656534.756954599
2309,303476.131235597
2310,768819.889150467
2311,350719.266051649
2312,1087257.04669051
2313,507033.449692327
2314,804313.839856084
2315,693600.627916978
2316,273390.305279212
2317,610858.765201019
2318,866169.595102229
2319,401927.77298777
2320,161293.052481827
2321,555256.672340477
2322,459859.038285248
2323,260472.704540431
2324,550650.017768656
2325,440805.74081116
2326,685177.210140493
2327,536484.873895683
2328,869829.575935249
2329,1286486.58421561
2330,519511.69102439
2331,703937.330055697
2332,898769.487856915
2333,164121.913812118
2334,792466.702677692
2335,456488.792587381
2336,323235.134915153
2337,677212.93938295
2338,524370.672079743
2339,929114.282748393
2340,212806.421770171
2341,606608.749998785
2342,494714.96041045
2343,433529.468974399
2344,1094928.3884166
2345,166966.446185566
2346,548851.08479151
2347,1213586.34209736
2348,735629.29982278
2349,441929.024231803
2350,551856.127295518
2351,607248.36190553
2352,1141326.0792173
2353,665938.662749369
2354,384770.934186865
2355,674533.313674488
2356,382426.993997898
2357,645777.14135273
2358,417056.443742804
2359,215349.412582995
2360,662256.903890444
2361,825863.53467336
2362,563708.962938365
2363,556049.789074417
2364,281864.821752874
2365,384468.465291466
2366,450495.447873843
2367,180153.943285834
2368,433995.709926148
2369,191748.359990078
2370,718354.421757062
2371,558022.250899272
2372,758565.658650355
2373,316987.162408452
2374,629437.239300931
2375,509228.151426917
2376,1666544.56048299
2377,520055.671461348
2378,1219327.59532458
2379,702983.050467224
2380,324856.055838876
2381,940719.962111878
2382,522552.279319338
2383,194425.431471203
2384,254688.277647639
2385,1048048.23711179
2386,316529.293558341
2387,652888.078542396
2388,78152.3369339875
2389,518692.690866851
2390,502641.78116823
2391,414153.012178302
2392,933123.20565316
2393,676554.423570597
2394,215067.346282699
2395,367115.902528245
2396,536283.14615309
2397,318594.991967379
2398,1093339.71606198
2399,763277.933221245
2400,285590.64242859
2401,510145.38919327
2402,385646.562902978
2403,284789.917911357
2404,1263725.52885048
2405,473043.936560052
2406,1013449.29949499
2407,285425.482075156
2408,1155686.38348359
2409,800719.848839396
2410,383271.921509826
2411,919391.884641047
2412,914378.009887042
2413,258012.544222509
2414,416349.639575838
2415,396003.987469572
2416,543528.91302951
2417,610728.24818413
2418,1644320.2264152
2419,358067.411178885
2420,557660.686066726
2421,769112.526197962
2422,246805.008139076
2423,228827.173184567
2424,158187.663719547
2425,282387.974594864
2426,247990.556836191
2427,1029338.0322387
2428,667412.58123771
2429,674133.505062638
2430,575686.757995234
2431,220739.378844821
2432,970010.243497148
2433,503284.493657319
2434,648685.424778891
2435,275709.576345673
2436,250405.721438708
2437,994150.137546554
2438,1322508.06108381
2439,778696.273035625
2440,331931.029396112
2441,479513.308288246
2442,261913.066850147
2443,114005.534310211
2444,468458.054859832
2445,655496.224117503
2446,843449.88244248
2447,259133.583261467
2448,753393.984868741
2449,404518.943853444
2450,279540.61413181
2451,458573.345901662
2452,359044.366935911
2453,419613.755426933
2454,711852.156676814
2455,239315.044779198
2456,556466.908248479
2457,280651.105689289
2458,477587.685910261
2459,481751.680266008
2460,573119.472611513
2461,1529882.46875281
2462,379015.857771739
2463,570682.382766248
2464,580098.144143185
2465,384121.010543654
2466,415798.533736752
2467,277636.39005818
2468,887136.333310805
2469,1075004.32022686
2470,794920.279943665
2471,310532.755655596
2472,434347.56723808
2473,443228.473202822
2474,591919.997679482
2475,311270.222968902
2476,450985.740865665
2477,434114.97513709
2478,1357280.04647467
2479,725754.46821207
2480,266147.87062718
2481,337001.608217314
2482,505648.608220241
2483,470932.996304993
2484,332281.674243508
2485,313367.223905008
2486,471566.123593923
2487,276472.906842904
2488,299214.561132754
2489,418800.902969509
2490,518053.103753714
2491,493729.157058237
2492,762034.873631354
2493,214282.484838947
2494,306324.172180582
2495,555578.291740467
2496,349235.230004576
2497,805615.400828247
2498,753483.004161744
2499,161926.744523023
2500,572821.104204922
2501,315404.043507374
2502,946705.924748801
2503,172232.450414794
2504,473840.859258793
2505,473068.281006227
2506,716884.521283861
2507,259290.873493117
2508,2089673.06949511
2509,470564.500695134
2510,591973.371646417
2511,155130.933624007
2512,315592.20471291
2513,668267.066214092
2514,316105.843696
2515,352688.74155403
2516,355908.478841908
2517,199650.921152312
2518,361354.458312631
2519,534035.116333126
2520,442485.488263565
2521,338707.515738863
2522,721735.395090097
2523,237874.507885064
2524,525772.859381502
2525,600825.595166871
2526,424318.534451129
2527,327552.258220714
2528,439444.129206347
2529,357628.936104155
2530,483384.334231443
2531,592222.648077864
2532,583793.149951125
2533,256270.842462378
2534,1170906.42669952
2535,603053.623177554
2536,533795.992040233
2537,388018.529585378
2538,1128714.9712858
2539,581689.357926383
2540,377511.897443673
2541,1148575.34105451
2542,1208253.70481506
2543,683034.406043028
2544,429715.930855433
2545,278536.218693838
2546,843923.097909356
2547,267677.468950329
2548,1046066.29748257
2549,558758.539493353
2550,469476.476308823
2551,492309.726819938
2552,248338.020235056
2553,690988.622318071
2554,394448.164345886
2555,381502.928926714
2556,471776.141599748
2557,653790.170387195
2558,237255.217761568
2559,434292.437261608
2560,247712.301771714
2561,468464.721956834
2562,245617.670843192
2563,619685.901647688
2564,635943.412190726
2565,887585.942955256
2566,483902.386220426
2567,876607.81671691
2568,674491.325080113
2569,539485.402268795
2570,787817.173505394
2571,563771.282683052
2572,317218.342949705
2573,523977.834096339
2574,506548.670721081
2575,1390885.61740909
2576,287381.323033772
2577,734392.321899417
2578,532469.03422171
2579,650506.72852407
2580,316828.092879235
2581,1036671.91507715
2582,236788.586904476
2583,261539.840430555
2584,343685.192698339
2585,362049.762132936
2586,546105.084885394
2587,765464.705421329
2588,293164.281606178
2589,463903.072519688
2590,463476.214730418
2591,525052.120199716
2592,258938.666975943
2593,270849.374095558
2594,719638.145563847
2595,552143.710950495
2596,826118.646731594
2597,477999.422362442
2598,572395.42903343
2599,782532.821494879
2600,496666.050986125
2601,254747.078707629
2602,275460.508532955
2603,681276.168398472
2604,334289.328208491
2605,181115.29367857
2606,695708.179993715
2607,803398.054605547
2608,273782.566036014
2609,735308.868892535
2610,906327.244219294
2611,609597.558168665
2612,187612.765534531
2613,390870.547004224
2614,362981.923945504
2615,750845.626000596
2616,690022.131408157
2617,576562.403836395
2618,1119287.84814866
2619,515733.657681679
2620,373559.349169767
2621,653531.476384106
2622,582120.723332597
2623,817852.427892875
2624,616938.347179556
2625,248695.305203475
2626,885903.653780141
2627,287814.000826655
2628,777812.236690308
2629,437174.859714274
2630,258090.505708845
2631,362780.00227957
2632,811239.443503528
2633,337923.155916646
2634,407929.265262767
2635,1473200.40438744
2636,278456.696750511
2637,819440.538657945
2638,370306.355691545
2639,797555.52885287
2640,426547.035414917
2641,1423909.8289647
2642,283771.278315522
2643,1023139.29247702
2644,1016702.97901175
2645,614743.070756287
2646,572127.324208089
2647,329714.384147296
2648,220047.609085367
2649,842524.317882904
2650,1580352.11278595
2651,551510.940212253
2652,802551.505666259
2653,93170.7751234779
2654,1300479.51081637
2655,1114411.01109207
2656,421815.768853355
2657,466907.546857246
2658,381040.368845781
2659,730936.905369191
2660,277009.305263532
2661,354128.763345826
2662,475884.028880185
2663,580117.789839322
2664,537336.741066557
2665,482466.521290012
2666,521213.262969554
2667,268123.338490449
2668,711548.459447635
2669,174930.770255283
2670,305920.504296607
2671,468999.461550656
2672,538779.435123995
2673,814039.594546587
2674,216445.480956749
2675,693668.052682092
2676,345185.057729068
2677,774339.116722437
2678,645743.005401741
2679,622611.048396801
2680,32016.0303926144
2681,186809.808592299
2682,212340.746660179
2683,261625.059723301
2684,532444.955116356
2685,1279260.26137289
2686,721223.374481595
2687,667368.980235128
2688,952929.285366236
2689,405553.523796061
2690,412637.866114577
2691,547276.536974542
2692,479469.311288047
2693,447581.635446804
2694,564524.356369594
2695,366664.373103439
2696,405453.19835336
2697,1376493.17415226
2698,544758.103625219
2699,465672.768951569
2700,352065.639601472
2701,633373.627479716
2702,542083.683607338
2703,608791.40422282
2704,538649.631289388
2705,425233.502602787
2706,491278.151709175
2707,301342.82529443
2708,659200.322888429
2709,447090.859118029
2710,498744.46084731
2711,332147.986019642
2712,594520.180914182
2713,372891.506274004
2714,758066.765687755
2715,939649.398570167
2716,724346.645794903
2717,1763206.78711264
2718,651467.444663254
2719,116755.576330013
2720,310292.859541375
2721,204143.609716018
2722,357989.297701803
2723,1684504.17860241
2724,426015.656979606
2725,537117.687547348
2726,445874.180306353
2727,247167.694953412
2728,711730.325437177
2729,174504.85313623
2730,315357.858133912
2731,440531.296950785
2732,472062.399833622
2733,594663.520521831
2734,96506.8660788075
2735,461104.774701636
2736,586881.787786738
2737,147484.63676627
2738,220479.440624857
2739,411188.523953711
2740,277488.289758565
2741,286124.737978739
2742,516375.241672061
2743,468195.59570571
2744,157839.789501107
2745,265189.061581626
2746,482557.838475167
2747,548167.300939528
2748,197033.820907796
2749,215122.171887437
2750,339984.814451499
2751,165183.748175695
2752,251796.467860481
2753,569940.808290172
2754,477129.566777919
2755,489401.093407754
2756,260113.994152302
2757,715772.134584269
2758,735941.036019361
2759,1813336.54081324
2760,460241.820270326
2761,241488.842228168
2762,805748.106848619
2763,447783.497976483
2764,211229.034749002
2765,279325.143693338
2766,159618.978954929
2767,870513.506775465
2768,771774.665650834
2769,457964.286063809
2770,36737.1934926782
2771,304084.744775227
2772,290304.493433379
2773,755445.803027527
2774,405667.693070912
2775,142802.718071098
2776,472335.74932729
2777,714157.077736485
2778,127232.062060934
2779,316770.318093097
2780,850940.988694566
2781,946998.696009918
2782,493836.568522397
2783,427754.419790897
2784,279173.362580761
2785,406743.435641037
2786,349329.549204041
2787,671928.267418116
2788,1066398.9234319
2789,869085.785284405
2790,478809.368612476
2791,409079.841059329
2792,293728.204262381
2793,589882.313221427
2794,531384.761872169
2795,434241.203777177
2796,662272.010040986
2797,545231.201450104
2798,302403.636292959
2799,152136.981045072
2800,682349.400185643
2801,162225.924257806
2802,319143.542230118
2803,664035.901755095
2804,454056.836274631
2805,366373.818079808
2806,337666.265622519
2807,263244.341989815
2808,148634.130194926
2809,697256.848878853
2810,296885.849422942
2811,408338.317048997
2812,177015.586986069
2813,348440.887295382
2814,248781.841348822
2815,277325.181547544
2816,589465.594157596
2817,653685.907235103
2818,377123.101814589
2819,634213.413276508
2820,360351.103018545
2821,1355614.85872699
2822,655864.488995026
2823,284954.653079977
2824,575719.478219393
2825,460910.094074428
2826,487646.383263615
2827,222405.090582848
2828,435670.02640178
2829,1037420.42862035
2830,150402.019824176
2831,163256.719809847
2832,349442.092651891
2833,648713.938496611
2834,464654.345119667
2835,230417.443241198
2836,636458.98422568
2837,523007.436190931
2838,286654.766682487
2839,613813.701691879
2840,280442.88046373
2841,738175.63164794
2842,603348.285026017
2843,279243.526743708
2844,393789.159378137
2845,621584.763160161
2846,522859.4526232
2847,418565.998078805
2848,166339.193989863
2849,356433.93911348
2850,605694.120149952
2851,531107.945780101
2852,543096.611851618
2853,763802.835501411
2854,291869.166725727
2855,340636.734553566
2856,1040537.4056415
2857,396553.79155327
2858,1185209.10833306
2859,363097.081118216
2860,909253.96106271
2861,158585.840518831
2862,545673.050238442
2863,565347.895387676
2864,203407.197763993
2865,306986.337821613
2866,333641.720524551
2867,303189.935399605
2868,697390.926378888
2869,513257.062685394
2870,627989.468416086
2871,574650.478767857
2872,415354.988415883
2873,647803.081933478
2874,626115.770925773
2875,844937.776283916
2876,307408.471334045
2877,545218.167204513
2878,128061.875135484
2879,751595.474955997
2880,1698544.2155632
2881,724489.168983155
2882,417807.960265437
2883,815509.049659976
2884,400940.099724595
2885,806888.094875493
2886,553114.171987243
2887,1756442.49513249
2888,471436.166126105
2889,888288.166637277
2890,182391.145496451
2891,585865.94836173
2892,246939.969406306
2893,536089.269609805
2894,780613.384185898
2895,322108.667679039
2896,473545.773097228
2897,255531.086133341
2898,831888.953535399
2899,932109.966861012
2900,474997.489623043
2901,301678.671529004
2902,586844.240895435
2903,875625.755069264
2904,633796.928655288
2905,910848.792340786
2906,162531.080030617
2907,331137.789382024
2908,500735.072015456
2909,377877.680815644
2910,329579.455857757
2911,1479070.59517081
2912,198798.975119567
2913,912089.993244817
2914,246213.763717197
2915,803987.217910665
2916,315211.45619143
2917,669004.132546076
2918,246677.274518323
2919,1118963.89643948
2920,338175.968019219
2921,515422.182299504
2922,214389.010942582
2923,268703.538402179
2924,475213.457557548
2925,273474.920296636
2926,707902.682751429
2927,773584.176911035
2928,989569.919929719
2929,430104.099455995
2930,296451.426163457
2931,440964.210634775
2932,503780.681971905
2933,345106.757679447
2934,459390.858960392
2935,222722.363431617
2936,154262.560404613
2937,239832.567997232
2938,656907.630384592
2939,782284.614293707
2940,392126.1729095
2941,1390438.4169003
2942,1015410.09191445
2943,224053.461315211
2944,1090113.93938017
2945,187154.25232059
2946,454673.791286399
2947,283102.750286157
2948,209947.778545157
2949,388525.699645615
2950,427259.358234612
2951,729781.889887954
2952,868002.676899135
2953,365073.272941854
2954,421467.830978818
2955,774188.960802742
2956,379401.822462014
2957,236789.231172804
2958,927256.337982994
2959,212197.803596308
2960,625072.840112746
2961,671504.747654562
2962,387845.007395374
2963,491017.236379884
2964,1284213.2784649
2965,633292.200783712
2966,371231.834435388
2967,661463.039677906
2968,549371.393238977
2969,599133.952304006
2970,1116829.74375216
2971,198525.553745617
2972,632809.784918054
2973,479820.590864922
2974,916258.047225503
2975,388147.140207668
2976,1068399.53436412
2977,216800.538134202
2978,1341090.9342561
2979,420618.700069713
2980,433869.808174316
2981,1134618.35216117
2982,438455.321798181
2983,307199.360032582
2984,479739.690728537
2985,509951.07374413
2986,663615.976953932
2987,474256.711748931
2988,491961.721658295
2989,988969.595638041
2990,323652.147507168
2991,358412.015411168
2992,1084192.52802592
2993,429330.328564753
2994,850856.976864492
2995,267319.504796784
2996,176323.863277925
2997,597509.12550722
2998,176192.935453524
2999,312495.788524388
3000,551875.617160937
3001,559787.580869667
3002,798026.537494169
3003,822137.539588301
3004,746749.048842882
3005,932580.521179699
3006,526264.181773214
3007,682513.93507223
3008,357868.29704922
3009,322191.643444847
3010,427376.170278501
3011,591806.447154175
3012,465874.742629636
3013,553781.228996088
3014,1338197.33735631
3015,590472.638504462
3016,268797.597364613
3017,401057.604119301
3018,320387.615093208
3019,342824.683652106
3020,336771.932887206
3021,545521.672595287
3022,452849.917471822
3023,695112.867838888
3024,353968.084461748
3025,247285.312155542
3026,652028.358654945
3027,498260.817919911
3028,665913.959773115
3029,409491.336652324
3030,342547.797169949
3031,323823.316020917
3032,271810.609216297
3033,540404.328272866
3034,443780.065569899
3035,641657.026233146
3036,1239668.39267402
3037,275037.790356803
3038,273706.121963066
3039,161315.489077838
3040,681952.073941053
3041,258771.927478718
3042,325705.789708537
3043,433764.440674799
3044,704323.594713156
3045,332224.079664222
3046,210894.105214874
3047,359905.361253858
3048,397883.245149802
3049,359548.356834002
3050,517489.869504837
3051,643942.84955947
3052,276476.428159018
3053,231164.416009308
3054,636856.173442238
3055,430829.540760935
3056,791985.949531542
3057,611877.331769949
3058,781885.939295121
3059,237084.320054581
3060,479213.553375261
3061,456309.98797993
3062,1231600.89834465
3063,330928.066160044
3064,1024226.13206322
3065,1825596.81483442
3066,226256.097380988
3067,-30451.2721740825
3068,847050.554154045
3069,537162.369265845
3070,537716.145595195
3071,328662.317197185
3072,270030.880358469
3073,284816.940306445
3074,425132.500982974
3075,785329.107203661
3076,428635.701050937
3077,604272.165162327
3078,930727.558310766
3079,364544.810512761
3080,610523.325742267
3081,448910.395209651
3082,435003.56598031
3083,343556.892948563
3084,381556.432528696
3085,436899.283566388
3086,460490.235622017
3087,340546.452664011
3088,370903.966573298
3089,142541.873998801
3090,298051.91375661
3091,444405.728858382
3092,422300.972647145
3093,698735.483505142
3094,439038.66780698
3095,1343490.24686664
3096,479072.407030061
3097,508061.616735041
3098,477489.324876343
3099,474644.571396664
3100,483761.117210934
3101,299458.519821372
3102,385624.724013533
3103,419359.780365879
3104,111992.317050182
3105,332212.463697604
3106,343928.129114418
3107,665918.300457735
3108,389370.074823849
3109,200325.900348185
3110,266765.887522268
3111,223373.993383445
3112,353915.918099554
3113,758171.94501901
3114,472739.324683679
3115,315410.964028156
3116,577504.7617715
3117,402019.29692933
3118,170835.048685599
3119,495605.973438506
3120,849868.509225137
3121,686806.301613548
3122,732924.867922776
3123,421785.304087273
3124,466761.872040836
3125,506682.452467057
3126,475593.716255667
3127,580637.398727198
3128,172627.017145778
3129,1287322.2164057
3130,636550.393402192
3131,170238.334020869
3132,517198.862709222
3133,1140294.86292304
3134,473848.867975245
3135,808069.673256599
3136,406138.952934648
3137,487159.067349671
3138,498828.453383267
3139,473695.664280885
3140,485758.754145541
3141,464223.400367745
3142,355101.007912283
3143,531046.616747894
3144,184769.88806104
3145,301326.596156069
3146,450150.199786386
3147,488321.622939395
3148,626410.63816508
3149,409861.528308497
3150,1020152.10917997
3151,429156.120321705
3152,560547.186075364
3153,552223.433194888
3154,398830.59453597
3155,252745.69262497
3156,437242.588523432
3157,429298.262684919
3158,1249816.33186368
3159,514547.140097982
3160,527108.240811407
3161,366893.790864747
3162,222838.128561188
3163,442177.657216815
3164,683024.282578976
3165,583831.502132808
3166,227881.905867147
3167,519184.118882252
3168,433752.165475166
3169,692735.337388484
3170,646868.872317897
3171,519714.09919793
3172,687837.659404544
3173,429872.056340923
3174,590513.771435263
3175,446115.097587412
3176,556531.755952884
3177,907285.44184033
3178,336286.143320001
3179,312628.370833913
3180,624829.559235789
3181,432745.664316658
3182,279433.83808528
3183,215198.966272011
3184,782895.550221698
3185,602596.17558504
3186,736120.897451252
3187,205728.249706836
3188,326381.693815882
3189,1050355.36836504
3190,575357.697121253
3191,303903.770502084
3192,239578.761906975
3193,183499.25963241
3194,743651.420673933
3195,272683.731453312
3196,186990.856734583
3197,586104.938868631
3198,991789.214656175
3199,664450.504897982
3200,254816.996589997
3201,938064.76288861
3202,558940.421239003
3203,272826.593471505
3204,594410.323158153
3205,791621.210349101
3206,318611.723555597
3207,354081.16045839
3208,221839.246065995
3209,1303565.32934964
3210,773027.588030468
3211,627306.186767766
3212,907149.203914856
3213,299569.007663297
3214,415890.400132977
3215,477319.616975195
3216,703782.507675531
3217,359838.688433521
3218,1128987.48826096
3219,737104.407595896
3220,392554.350099331
3221,582715.334596957
3222,692863.837006215
3223,142360.924113669
3224,557393.242836716
3225,125031.129845227
3226,745137.193285168
3227,811696.943145441
3228,576458.716336568
3229,569313.607242599
3230,455180.535896349
3231,796095.813941831
3232,479208.541731605
3233,259173.079647282
3234,222898.241731629
3235,161593.436352699
3236,419580.108237651
3237,767512.597751036
3238,278686.487643553
3239,1313335.22605439
3240,302604.08286014
3241,831562.941259793
3242,554020.07595147
3243,188864.130778135
3244,875641.377503026
3245,320560.828707825
3246,450026.051965286
3247,131548.960670659
3248,437262.832151943
3249,1053001.77900599
3250,236056.785159831
3251,1186370.69506811
3252,929052.350420554
3253,501127.310588533
3254,718843.990473938
3255,153562.822080769
3256,240763.859245469
3257,814365.618690861
3258,549294.93237063
3259,1020304.00147105
3260,746560.982636074
3261,271860.023818954
3262,248369.38463084
3263,785786.226099494
3264,941472.698683306
3265,409016.798869557
3266,590538.966435053
3267,381543.573486536
3268,314120.186675285
3269,358354.85067724
3270,411984.417311944
3271,1038766.764
3272,381223.094779889
3273,914115.896966429
3274,592157.353022325
3275,221631.402002941
3276,678206.841934762
3277,321119.811162537
3278,633718.370530773
3279,537891.701699668
3280,109415.361763032
3281,63712.1187898939
3282,377747.460445439
3283,292488.889082799
3284,1134880.9466114
3285,387215.8037068
3286,179889.24615965
3287,783080.546634012
3288,191288.320930124
3289,726622.804651961
3290,549115.509650785
3291,970430.685129888
3292,693566.058345087
3293,468215.355721093
3294,306226.002235297
3295,406499.095196767
3296,308627.707029639
3297,470645.820323343
3298,457624.332937024
3299,340679.453650919
3300,150256.431621446
3301,627276.492796386
3302,461594.180934891
3303,483690.058250013
3304,425155.775329823
3305,350631.230028506
3306,187726.557151319
3307,903570.447584109
3308,772065.537304188
3309,209016.892791916
3310,371451.849664837
3311,1230414.5041117
3312,256041.387224155
3313,672771.39874782
3314,490020.911196235
3315,612537.508508504
3316,922749.236446919
3317,275441.188364337
3318,168805.67896381
3319,417176.495013404
3320,687108.243089079
3321,728245.137785397
3322,1283791.34432563
3323,224129.158428173
3324,367023.615292086
3325,676775.00140598
3326,550690.323020401
3327,1108900.6075965
3328,102160.656468978
3329,638223.616943658
3330,471430.972599707
3331,253352.533374978
3332,386288.625094562
3333,604827.898475936
3334,281080.252598555
3335,445902.47899506
3336,766866.96403261
3337,346364.253602965
3338,1746340.72660156
3339,503165.522453161
3340,397322.750434051
3341,520574.586918626
3342,276974.078739488
3343,426648.516395824
3344,468575.697592082
3345,203799.556982284
3346,695041.240299552
3347,489474.28347498
3348,667141.343687533
3349,194761.297652243
3350,173018.708505031
3351,223230.65495281
3352,328399.646038713
3353,381991.476811215
3354,484465.406624507
3355,279186.870893275
3356,1036425.61781163
3357,517329.610347311
3358,409712.415290002
3359,448435.868200469
3360,667289.277245295
3361,387616.144981895
3362,439353.352937478
3363,1189047.14326487
3364,393189.104400894
3365,211434.311345773
3366,632491.030653572
3367,230259.642926636
3368,644847.737780864
3369,446423.84898682
3370,646493.026905447
3371,271916.55564871
3372,1291725.75708838
3373,454820.373303238
3374,895245.74119698
3375,375822.284542015
3376,1390572.00973609
3377,657810.303716428
3378,850456.821246993
3379,208526.168299327
3380,317091.459455059
3381,1546019.14490308
3382,230141.287916014
3383,616883.160921491
3384,592158.319861832
3385,1157257.25718373
3386,347690.573754717
3387,475532.95108496
3388,196922.391673476
3389,480574.361308021
3390,765638.290742468
3391,604815.110227907
3392,413961.624508919
3393,282957.034657903
3394,383340.957817631
3395,196468.511816766
3396,594858.129181623
3397,469302.132508355
3398,610913.468752244
3399,176838.451692773
3400,480288.802785083
3401,382036.478678183
3402,549540.349848311
3403,1030015.10375761
3404,631277.018358488
3405,407372.532502114
3406,840596.127958217
3407,169105.220649337
3408,580601.023858097
3409,419245.448231145
3410,524907.497856116
3411,892698.908675262
3412,362770.715363853
3413,901649.428490062
3414,204418.631775876
3415,688403.55460529
3416,950379.356485469
3417,326311.362815995
3418,429130.673331415
3419,135343.065925015
3420,249724.529591401
3421,1530136.24303879
3422,358094.150985745
3423,387869.699644004
3424,405411.45465215
3425,689121.653446786
3426,225800.407779074
3427,257312.136365881
3428,172301.586185573
3429,439681.108519468
3430,632519.510977843
3431,642168.28566622
3432,660099.33495722
3433,637494.834953881
3434,657130.128560968
3435,552259.185000025
3436,185745.236660058
3437,290893.738803114
3438,222820.237989999
3439,421199.157047785
3440,404013.547760689
3441,920361.777433918
3442,208786.002550062
3443,451054.292868698
3444,242057.124628189
3445,671889.473275985
3446,470905.719281083
3447,711813.748661203
3448,349150.078440912
3449,481194.648570561
3450,232474.06086333
3451,994766.503024287
3452,1028410.4737619
3453,280068.324881829
3454,862716.685467084
3455,437434.252168939
3456,391414.387950277
3457,151659.187183799
3458,160333.887042819
3459,926009.687501229
3460,474119.199582624
3461,656577.78941999
3462,708811.477079924
3463,241378.440967434
3464,619103.159919724
3465,357161.560643947
3466,642596.89117197
3467,371013.969659832
3468,423042.114335521
3469,404059.648884631
3470,499485.44889223
3471,470322.405358407
3472,395775.385798216
3473,922614.642246364
3474,1050585.53008538
3475,302721.05846789
3476,526481.332538488
3477,297171.105603402
3478,888251.431352498
3479,667637.647392995
3480,735666.665761769
3481,479475.734344304
3482,599683.386600353
3483,440220.072154793
3484,674790.012117198
3485,258187.701001299
3486,497295.121193783
3487,435671.117354424
3488,122588.649795689
3489,487195.205440299
3490,519767.859755319
3491,743580.098042238
3492,407345.522282681
3493,828951.393977864
3494,424266.599316801
3495,505164.145940952
3496,462221.397360455
3497,459838.245866229
3498,172061.956102094
3499,741343.261891522
3500,541205.173282444
3501,355098.479735683
3502,470067.10796393
3503,655939.113416387
3504,580544.048475904
3505,515722.942629857
3506,145195.797443332
3507,677700.987019168
3508,483118.807239435
3509,384973.37600936
3510,435970.059295362
3511,741462.842682963
3512,342122.837960588
3513,428181.26124906
3514,537619.790663386
3515,1062904.36606156
3516,909707.58396572
3517,1150151.55260588
3518,319873.028559513
3519,286320.042547632
3520,987083.192090755
3521,522303.653294447
3522,538046.628455211
3523,240055.920400867
3524,403410.452304223
3525,1202873.47672453
3526,904638.860878724
3527,315823.924620669
3528,971619.410226164
3529,247590.733422164
3530,453035.078581251
3531,959017.896402255
3532,742778.708563514
3533,209607.191458218
3534,511810.251056099
3535,494009.704327613
3536,308630.444936201
3537,526011.768094311
3538,516694.403780242
3539,453185.888907383
3540,172646.168603919
3541,496408.700772709
3542,1144723.77329564
3543,324978.071703154
3544,445145.576038627
3545,303803.481497357
3546,305312.853331679
3547,358671.254424297
3548,394771.991609292
3549,294289.195701347
3550,492295.177701623
3551,489786.955249514
3552,433436.938189018
3553,885990.795688169
3554,220189.918208957
3555,707143.597273755
3556,229607.073192112
3557,751176.737756441
3558,322722.154865163
3559,613620.548822604
3560,198742.181520066
3561,429639.612995731
3562,555032.21936927
3563,503177.23453788
3564,409546.860279838
3565,373131.777346467
3566,598246.254547403
3567,413558.025652325
3568,430954.534437911
3569,643401.731012285
3570,233932.290336555
3571,539770.316984137
3572,541463.473906412
3573,397637.800319495
3574,640752.195915629
3575,562868.498364911
3576,290382.748703432
3577,422302.13173425
3578,653700.103909933
3579,192054.637006388
3580,878272.347711835
3581,462973.000002157
3582,290229.149218045
3583,1114817.12319777
3584,230066.154867428
3585,269287.190138527
3586,435095.716904262
3587,304928.556130482
3588,383447.871907128
3589,284422.609252542
3590,247426.918353834
3591,491713.669106988
3592,534079.635565199
3593,818425.773145395
3594,116845.903686666
3595,483293.842847139
3596,397791.980759902
3597,635627.471441051
3598,564895.785489321
3599,383736.497041932
3600,457484.752938214
3601,297425.886142683
3602,595255.683640382
3603,597258.799956016
3604,202382.044651708
3605,437280.730947831
3606,321077.32436498
3607,489544.353563165
3608,173305.308644293
3609,1621228.84911383
3610,369684.364359749
3611,296936.244754196
3612,409335.423851757
3613,91624.7937821902
3614,211799.051693617
3615,1520499.49821438
3616,390062.299942382
3617,843751.999978079
3618,637872.725576108
3619,334400.383529898
3620,360476.854831013
3621,1646634.16314485
3622,641717.846536555
3623,312515.23975847
3624,123833.802948038
3625,340991.619177934
3626,249953.877311386
3627,520939.159139175
3628,580405.492200238
3629,608820.508227004
3630,713966.936607021
3631,735892.935402663
3632,116148.234672278
3633,399268.607552331
3634,487082.715408098
3635,685501.557963258
3636,741194.945884023
3637,191773.207656789
3638,970953.552108039
3639,397130.886813427
3640,451655.423145071
3641,926638.580411353
3642,552793.57043542
3643,379452.847670834
3644,337130.001400035
3645,443278.026346284
3646,536219.461593282
3647,217264.216545783
3648,469309.083304107
3649,379427.395498369
3650,1196107.89123836
3651,408247.651160074
3652,284463.780584935
3653,468587.691970067
3654,517146.109963708
3655,484151.169177021
3656,502856.842014311
3657,604793.952566767
3658,607184.542490869
3659,1251453.215395
3660,576060.408644559
3661,138407.553157189
3662,430188.080143164
3663,498144.22961713
3664,383209.753088051
3665,367856.174118053
3666,907748.94895017
3667,474073.598300772
3668,540900.519499842
3669,561498.017698792
3670,672962.170559342
3671,430801.68952904
3672,304616.025122073
3673,282994.092842299
3674,701205.214241953
3675,359528.369494959
3676,565323.395215675
3677,462301.383631651
3678,168221.900736082
3679,701566.090954103
3680,1541261.33685795
3681,284557.079858981
3682,870518.392766873
3683,703839.819720791
3684,396092.207140481
3685,502382.079371959
3686,354879.060912569
3687,297368.539078256
3688,549559.48471541
3689,550291.137174658
3690,476813.402445005
3691,583459.296705073
3692,672760.210140904
3693,596926.356461116
3694,223120.496346237
3695,1091638.40150292
3696,599125.047473276
3697,348097.672559612
3698,469387.256610272
3699,869809.102797476
3700,638223.010113841
3701,1083537.4233694
3702,923714.48953526
3703,619903.629054633
3704,936930.442066741
3705,336729.445763584
3706,553983.763419258
3707,261019.421425752
3708,314658.540251651
3709,287918.199718091
3710,389601.729969807
3711,419757.292782392
3712,163916.888700619
3713,606032.525986772
3714,173955.535333908
3715,578426.538733573
3716,512139.569314427
3717,479807.823738171
3718,481372.574878295
3719,461535.087437554
3720,473230.241717489
3721,245258.434593317
3722,72446.8817679089
3723,297224.089045514
3724,884903.946457352
3725,274844.3370601
3726,567852.698468259
3727,1017046.31834893
3728,444719.803910992
3729,284258.012727611
3730,909968.856512265
3731,571915.533195889
3732,888060.793459752
3733,452797.523922007
3734,841481.420605567
3735,607321.01775736
3736,515326.447393338
3737,249853.036918212
3738,348985.878770724
3739,347402.861751374
3740,214676.893398226
3741,670099.631078702
3742,408115.547599267
3743,482011.029724675
3744,399652.388158537
3745,244104.574758968
3746,326794.658418342
3747,390468.787457712
3748,612274.620651021
3749,665465.093159485
3750,373306.328758658
3751,942385.51045641
3752,239633.459286648
3753,564479.334325833
3754,475999.763782639
3755,477130.088453465
3756,53332.3853001527
3757,810208.196524862
3758,559384.756472176
3759,801276.984989455
3760,1118911.49745469
3761,541642.420413268
3762,497541.312765255
3763,674309.733885927
3764,397777.22186315
3765,323635.014524854
3766,641084.705297268
3767,940126.454278075
3768,361648.528621359
3769,829748.083926514
3770,478570.157824506
3771,184623.817614842
3772,490749.748214961
3773,348734.945384856
3774,548173.231671141
3775,397123.167990732
3776,349071.926862553
3777,421495.542825952
3778,305946.217601484
3779,395239.292631041
3780,272526.541045529
3781,1006749.28710094
3782,417303.297586942
3783,357797.660818525
3784,376234.636604729
3785,1754323.17441291
3786,304846.359973381
3787,1849764.58748494
3788,739867.090439163
3789,1105387.46457818
3790,387246.252223988
3791,348365.18774896
3792,1325467.87516154
3793,733728.399700193
3794,1129400.3592287
3795,822117.066488356
3796,199445.582318377
3797,305587.63739098
3798,295958.068451262
3799,536653.100407496
3800,374327.342594521
3801,260085.303188162
3802,318897.552013551
3803,733857.993859676
3804,1302299.28536352
3805,799509.842403458
3806,232175.895986217
3807,416495.576230971
3808,458982.069730431
3809,710107.311214297
3810,790095.291759458
3811,409353.322658921
3812,568815.914337953
3813,1179480.89275768
3814,857291.842385018
3815,307235.981108715
3816,301532.991538326
3817,565415.215435471
3818,250312.560383801
3819,448009.813167588
3820,844968.572872295
3821,615663.056811869
3822,659469.29262827
3823,491503.344955208
3824,475333.640764634
3825,173429.068209439
3826,225441.961210038
3827,700909.720174427
3828,412964.508325141
3829,815805.53308033
3830,1342825.45884322
3831,228218.849679406
3832,371483.576850396
3833,1028941.12446175
3834,592586.410415543
3835,493121.088579823
3836,671879.812944128
3837,209076.382000922
3838,1114935.52233328
3839,933821.012278587
3840,762934.116842165
3841,372829.419914734
3842,398868.250982328
3843,443371.75293547
3844,214520.693036436
3845,723142.763619202
3846,181997.533416102
3847,279308.259710923
3848,786541.738493071
3849,215841.696562747
3850,1235985.99126856
3851,512834.551626498
3852,313879.285995746
3853,425520.169017444
3854,577100.194763796
3855,710597.294802669
3856,1207060.03995801
3857,461341.518956095
3858,911279.160200583
3859,511536.977897287
3860,400854.004351779
3861,1251839.84778977
3862,379851.145553299
3863,518431.230648534
3864,378580.94353045
3865,454391.903778029
3866,345687.672424137
3867,295295.140353942
3868,566878.437008104
3869,740322.349058275
3870,887811.774165391
3871,505972.048479592
3872,736894.06500181
3873,939412.406451418
3874,749173.91907312
3875,780823.009751447
3876,506072.68298815
3877,471660.492130363
3878,310514.216499258
3879,688995.635508526
3880,505131.134623436
3881,315887.951415343
3882,1313338.64934161
3883,426359.098865175
3884,485634.055149503
3885,299849.268747503
3886,1788219.85398853
3887,698452.719707455
3888,433165.883806833
3889,223790.561454137
3890,434740.012972732
3891,377955.26437026
3892,749142.680335365
3893,902699.561976109
3894,533430.000814436
3895,515291.093343781
3896,325458.860968085
3897,630218.791868833
3898,482607.421332054
3899,447000.675412502
3900,585066.731944495
3901,631825.752590329
3902,503709.928631147
3903,874189.62393181
3904,295611.284381304
3905,775374.9477326
3906,834149.32274344
3907,631246.002978552
3908,537830.461210561
3909,964930.130548929
3910,369245.300395827
3911,430356.458701778
3912,339397.755244898
3913,617407.409093849
3914,380211.269494295
3915,527331.007346049
3916,659733.149227095
3917,439909.22699093
3918,442514.68804375
3919,771255.436280815
3920,822741.477278179
3921,563383.924309527
3922,921066.476969704
3923,275488.76720537
3924,807118.064593945
3925,486563.762779892
3926,494937.478318747
3927,457759.533596839
3928,752463.741776363
3929,173769.832879566
3930,563813.302554346
3931,873718.302915345
3932,515264.129035648
3933,368732.69859169
3934,821844.50064122
3935,733824.35733441
3936,465989.710946589
3937,296990.306242216
3938,323282.662979783
3939,540739.233302837
3940,1275256.59058081
3941,1022676.52615372
3942,925454.341682667
3943,434751.135548531
3944,556633.161099795
3945,633801.33401869
3946,512749.780461289
3947,950990.728964984
3948,385990.424979323
3949,642001.023281473
3950,874686.352051776
3951,628999.459689138
3952,498687.805449572
3953,711836.16101479
3954,981274.119164567
3955,350664.67830715
3956,690366.487233711
3957,1304624.38705713
3958,452832.287274344
3959,485635.971300117
3960,567093.074479052
3961,579645.630374796
3962,630528.53034976
3963,658033.676244217
3964,1201138.50821424
3965,800966.013632124
3966,274015.395338259
3967,614888.630641996
3968,343184.199894091
3969,609112.711091076
3970,426939.771607215
3971,535034.255309236
3972,499007.517425845
3973,567168.022432877
3974,574446.0905297
3975,671139.347371257
3976,258044.537440746
3977,513402.658936436
3978,548254.402885851
3979,889324.954970589
3980,534570.990600524
3981,342927.396114646
3982,1024753.46921087
3983,741614.544721973
3984,605390.087924431
3985,585667.102529327
3986,789204.270670982
3987,510321.470432165
3988,495292.114895516
3989,288720.048382085
3990,972519.128118239
3991,302266.599916449
3992,495985.25635991
3993,796561.456038635
3994,737494.954277259
3995,537516.589347868
3996,370346.31118516
3997,1139630.67430266
3998,708820.134330546
3999,231472.271951829
4000,687736.363949103
4001,339713.303685314
4002,1113212.61540769
4003,680734.141013285
4004,535922.68524977
4005,1015047.19464937
4006,492076.85604418
4007,529088.964926051
4008,316740.483992831
4009,533462.976003908
4010,654088.464196622
4011,517866.709341884
4012,188551.654062228
4013,535254.864067087
4014,780776.181717706
4015,632189.143646511
4016,1044387.13207651
4017,336282.254961786
4018,1149802.81394799
4019,302750.834181654
4020,423458.621572765
4021,408071.705018849
4022,258016.421386603
4023,1652817.48581768
4024,335892.104452192
4025,1037343.53300183
4026,522486.552010344
4027,680197.642543187
4028,464656.511250509
4029,736624.175109067
4030,918047.362347308
4031,1342895.95338551
4032,571744.991492503
4033,731251.699581273
4034,725721.484801057
4035,507453.450876687
4036,528303.479738433
4037,660138.209745938
4038,609922.337995292
4039,313829.441218194
4040,1323717.016952
4041,403797.679374886
4042,228047.103998873
4043,457883.737512798
4044,498333.936753984
4045,426970.607556259
4046,407489.377825551
4047,476978.962214059
4048,766347.277853002
4049,151875.803483326
4050,318361.191388533
4051,268334.89927948
4052,698803.319315159
4053,435833.737413064
4054,587055.95067578
4055,474272.027975955
4056,286547.374816828
4057,884741.116039796
4058,475288.271816208
4059,986315.183663549
4060,183699.338572335
4061,773409.25743342
4062,640935.926703365
4063,544875.569074659
4064,691620.716976925
4065,433331.547151449
4066,512822.419973305
4067,832940.576621212
4068,457207.882637563
4069,538888.20317086
4070,500086.650148341
4071,566020.412063801
4072,469830.835638217
4073,519785.367552183
4074,408414.134076181
4075,367051.572097918
4076,608686.939703043
4077,331805.389556844
4078,196990.803465042
4079,487051.843112152
4080,294181.295032368
4081,337532.244635523
4082,341854.116631639
4083,479231.92145999
4084,467352.465170944
4085,276451.817454977
4086,716849.792872754
4087,522089.594349033
4088,526185.623202709
4089,741341.635318752
4090,290908.184864736
4091,1318940.18917004
4092,931921.629653954
4093,1214956.18716406
4094,1183446.87818103
4095,386977.087652423
4096,359360.292024796
4097,435293.642792924
4098,364493.047479207
4099,387601.536229509
4100,920827.110283492
4101,581230.429854258
4102,257613.649966566
4103,545520.915646474
4104,388018.618197965
4105,828098.223774518
4106,286244.616857896
4107,1146559.71262625
4108,509251.864262093
4109,343555.372283942
4110,927846.2600998
4111,431417.157375505
4112,589867.890729346
4113,671431.497673237
4114,641445.709052261
4115,437486.296866425
4116,245593.459781895
4117,506250.105323666
4118,506401.907277859
4119,675671.43076541
4120,429750.803342812
4121,357880.945696578
4122,852646.566091222
4123,369808.279903525
4124,294363.48125019
4125,550097.474040479
4126,441273.583997013
4127,324799.381904808
4128,367595.990382222
4129,553663.534581026
4130,734821.005643339
4131,935486.551980837
4132,571189.417282207
4133,582238.22152453
4134,836002.052941531
4135,722130.099000329
4136,485415.151934819
4137,623039.735133521
4138,1120753.47217707
4139,968158.67523717
4140,1224597.31187971
4141,179167.307163004
4142,826380.098347597
4143,321046.24253712
4144,466676.660861543
4145,705801.654695371
4146,519380.449112843
4147,316740.063138114
4148,648576.498724027
4149,268857.14080932
4150,449631.012286612
4151,388013.680945713
4152,883925.115305078
4153,493275.575571428
4154,857439.465325713
4155,702297.907011662
4156,628912.239046765
4157,548786.137976296
4158,577399.153215583
4159,487559.079345977
4160,437234.992019348
4161,337390.136121013
4162,329231.365057919
4163,710030.980751864
4164,1086984.47105329
4165,433322.458877392
4166,264613.991821939
4167,445025.12035131
4168,643119.399675416
4169,672361.7558576
4170,471792.109779714
4171,466785.401592257
4172,454690.810070054
4173,1411240.96107914
4174,533120.254983025
4175,581851.478025206
4176,429986.614413716
4177,480523.015200411
4178,451857.144440892
4179,471656.876915792
4180,557533.034593416
4181,802691.1679619
4182,338805.749536236
4183,808962.968869576
4184,396306.911551236
4185,503737.014781297
4186,339317.741366596
4187,1483982.10454211
4188,1269672.98975972
4189,421357.838065034
4190,435371.738094922
4191,1438249.15994732
4192,399629.726803543
4193,339121.81546845
4194,418260.694935134
4195,867265.161923284
4196,764339.297359424
4197,547526.214935178
4198,243571.554050776
4199,984549.474281254
4200,460946.754076345
4201,488727.403748455
4202,480627.594872499
4203,464583.093293463
4204,292459.663867994
4205,905785.962210154
4206,563138.896590564
4207,746688.677285945
4208,746443.00782774
4209,641074.751367395
4210,363661.944933704
4211,1207657.36554962
4212,589452.753154633
4213,1195874.06212819
4214,753713.751175191
4215,457303.579293682
4216,514993.014002163
4217,415370.917880346
4218,293325.982514694
4219,392488.989556095
4220,1399850.29862419
4221,427847.796305827
4222,624894.459448382
4223,524352.614630437
4224,556534.996037442
4225,1003756.62869672
4226,377458.655671704
4227,547061.785312211
4228,443751.890218753
4229,336221.128257185
